{
  "ambient.weather.rain": {
    "category": "weather",
    "min_distance": 100.0,
    "sounds": [
      {
        "name": "sounds/ambient/weather/rain1",
        "volume": 0.2,
        "load_on_low_memory": true
      },
      {
        "name": "sounds/ambient/weather/rain2",
        "volume": 0.09
      },
      {
        "name": "sounds/ambient/weather/rain3",
        "volume": 0.03
      },
      {
        "name": "sounds/ambient/weather/rain4",
        "volume": 0.07
      }
    ]
  },
  
  "random.splash": {
    "category": "player",
    "sounds": [
      {
        "name": "sounds/random/splash",
        "volume": 10.0,
        "load_on_low_memory": true
      }
    ]
  },
  
  "ambient.weather.thunder": {
    "category": "weather",
    "min_distance": 20.0,
    "sounds": [
      {
        "name": "sounds/ambient/weather/thunder1",
        "load_on_low_memory": true
      },
      "sounds/ambient/weather/thunder2",
      "sounds/ambient/weather/thunder3",
      "sounds/ambient/weather/thunder4"
    ]
  },
  "ambient.weather.lightning.impact": {
    "category": "weather",
    "min_distance": 1.0,
    "sounds": [
      "sounds/ambient/weather/impact1"
    ]
  },
  
  "random.door_close": {
    "category": "block",
    "sounds": [
      {
        "name": "sounds/random/door_close",
        "volume": 0.5,
        "load_on_low_memory": true
      },
      "sounds/random/door_close1",
      "sounds/random/door_close2",
      "sounds/random/door_close3"
    ]
  },
 
  "random.door_open": {
    "category": "block",
    "sounds": [
      {
        "name": "sounds/random/door_open",
        "volume": 0.5,
        "load_on_low_memory": true
      },
      "sounds/random/door_open1",
      "sounds/random/door_open2",
      "sounds/random/door_open3"
    ]
  },
  
  "random.orb": {
    "category": "player",
    "sounds": [
      {
        "name": "sounds/random/orb",
       "volume": 0.72,
        "load_on_low_memory": true
    }
  ]
},

  "random.levelup": {
    "category": "player",
    "sounds": [
      {
        "name": "sounds/random/levelup",
        "volume": 1.3,
        "load_on_low_memory": true
      }
    ]
  },

  "game.player.die": {
    "category": "player",
    "sounds": [
    {
     "name": "sounds/damage/heart1"
     
      }
    ]
  }
}