{
  "namespace": "debug_screen",

  "access_button@common_buttons.light_content_button": {
    "$pressed_button_name": "button.access",
    "size": [ 20, 20 ],
    "offset": [ 20, 20 ],
    "anchor_to": "top_left",
    "anchor_from": "top_left",
    "bindings": [
      {
        "binding_name": "#access_screen_visible",
        "binding_name_override": "#visible"
      }
    ]
  },

  "pump_watermark": {
    "type": "label",
    "text":"Minecraft : 1.17
Minecraft model : Pocket edition
FPS : 23/180
Cps : 0/10
Device Model : Unknown
Input : Touch
Ram : 8mb/4gb",
    "color": [ 1.0, 1.0, 1.0 ],
    "shadow": true,
    "font_size": "tiny",
    "anchor_from": "top_left",
    "anchor_to": "top_left",
    "alpha": 10
  },
  "special_render": {
    "type": "image",
    "offset": [0, 0 ],
    "anchor_from": "center",
    "anchor_to": "center",
    "texture": "textures/debug/cross_hair",
    "size": [ 10, 10 ],
    "layer": -2
  },
  "content_panel": {
    "type": "panel",
    "clips_children": false,
    "size": [ "100%", "100%" ],
    "controls": [
      {
        "access_button@debug_screen.access_button": {
        }
      },
      {
        "special_render@debug_screen.special_render": {
        }
      },
      { 
        "pump_watermark@debug_screen.pump_watermark": {
        }
      }
    ]
  },



  "debug_screen@common.base_screen": {
    "send_telemetry": false,
    "screen_not_flushable": true,
    "render_game_behind": true,
    "is_showing_menu": false,
    "low_frequency_rendering": true,
    "is_modal": true,
    "should_steal_mouse": false,
    "render_only_when_topmost": false,
    "screen_draws_last": true,
    "always_accepts_input": true,
    "$screen_content": "debug_screen.content_panel",
    "$screen_animations": [],
    "$use_loading_bars": false
  }
}